{
  "timestamp": "2025-06-22T00:26:49.155720",
  "mean_auc": 0.722251226198353,
  "pathology_results": {
    "Atelectasis": 0.6963701969301075,
    "Consolidation": 0.7241100976672855,
    "Infiltration": 0.6653010294270563,
    "Pneumothorax": 0.7316447146234379,
    "Edema": 0.7993858751279427,
    "Emphysema": 0.731687242798354,
    "Fibrosis": 0.7651449673921584,
    "Effusion": 0.8051027324954718,
    "Pneumonia": 0.6907362300620727,
    "Pleural_Thickening": 0.6678275044457617,
    "Cardiomegaly": 0.7375717498573394,
    "Nodule": 0.6709466112082303,
    "Mass": 0.7034369885433714
  },
  "training_time": "0:51:53.667423"
}