{
  "epoch": 21,
  "timestamp": "2025-06-20T17:46:53.429312",
  "overall_metrics": {
    "mean_auc": 0.5314814814814816,
    "mean_sensitivity": 0.6666666666666666,
    "mean_specificity": 0.5111111111111111
  },
  "per_class_metrics": {
    "No Finding": {
      "auc": 0.19999999999999996,
      "sensitivity": 0.6666666666666666,
      "specificity": 0.2
    },
    "Atelectasis": {
      "auc": 0.4,
      "sensitivity": 0.6666666666666666,
      "specificity": 0.4
    },
    "Cardiomegaly": {
      "auc": 1.0,
      "sensitivity": 0.6666666666666666,
      "specificity": 1.0
    },
    "Effusion": {
      "auc": 0.49999999999999994,
      "sensitivity": 0.6666666666666666,
      "specificity": 0.4
    },
    "Infiltration": {
      "auc": 0.4222222222222222,
      "sensitivity": 0.6666666666666666,
      "specificity": 0.4
    },
    "Mass": {
      "auc": 0.6666666666666667,
      "sensitivity": 0.6666666666666666,
      "specificity": 0.6666666666666666
    }
  }
}