{
  "loss": [
    0.34513944387435913,
    0.31045404076576233,
    0.2796131670475006,
    0.24633841216564178,
    0.2179747074842453,
    0.19121038913726807,
    0.17012032866477966,
    0.15630848705768585,
    0.1421717405319214,
    0.13254588842391968,
    0.12325915694236755
  ],
  "binary_accuracy": [
    0.5340136289596558,
    0.7508503198623657,
    0.8477890491485596,
    0.8894557952880859,
    0.9005101323127747,
    0.9115645885467529,
    0.9200680255889893,
    0.920918345451355,
    0.9234693646430969,
    0.9251700639724731,
    0.9277211427688599
  ],
  "auc": [
    0.21862244606018066,
    0.2380830943584442,
    0.2189140021800995,
    0.22059038281440735,
    0.24642856419086456,
    0.20834548771381378,
    0.23986880481243134,
    0.19912536442279816,
    0.2074708491563797,
    0.2199343889951706,
    0.23024781048297882
  ],
  "precision": [
    0.07352941483259201,
    0.09652509540319443,
    0.13740457594394684,
    0.1034482792019844,
    0.13333334028720856,
    0.0833333358168602,
    0.25,
    0.09090909361839294,
    0.125,
    0.25,
    0.4444444477558136
  ],
  "recall": [
    0.4761904776096344,
    0.2976190447807312,
    0.2142857164144516,
    0.0714285746216774,
    0.0714285746216774,
    0.02380952425301075,
    0.0595238097012043,
    0.011904762126505375,
    0.011904762126505375,
    0.02380952425301075,
    0.0476190485060215
  ],
  "val_loss": [
    0.34477341175079346,
    0.33976784348487854,
    0.3309088945388794,
    0.3173312842845917,
    0.2987954318523407,
    0.2752158045768738,
    0.24626360833644867,
    0.21722479164600372,
    0.1916370987892151,
    0.17087748646736145,
    0.15539313852787018
  ],
  "val_binary_accuracy": [
    0.7857142686843872,
    0.9285714030265808,
    0.9285714030265808,
    0.9285714030265808,
    0.9285714030265808,
    0.9285714030265808,
    0.9285714030265808,
    0.9285714030265808,
    0.9285714030265808,
    0.9285714030265808,
    0.9285714030265808
  ],
  "val_auc": [
    0.2142857164144516,
    0.2142857164144516,
    0.2142857164144516,
    0.2142857164144516,
    0.2142857164144516,
    0.2142857164144516,
    0.2142857164144516,
    0.2142857164144516,
    0.2142857164144516,
    0.2142857164144516,
    0.2142857164144516
  ],
  "val_precision": [
    0.1666666716337204,
    0.0,
    0.0,
    0.0,
    0.0,
    0.0,
    0.0,
    0.0,
    0.0,
    0.0,
    0.0
  ],
  "val_recall": [
    0.5,
    0.0,
    0.0,
    0.0,
    0.0,
    0.0,
    0.0,
    0.0,
    0.0,
    0.0,
    0.0
  ],
  "lr": [
    