{
  "loss": [
    0.34740257263183594,
    0.30828168988227844,
    0.27171406149864197,
    0.2504422068595886,
    0.21910077333450317,
    0.18610890209674835,
    0.169550821185112,
    0.15208634734153748,
    0.13559658825397491,
    0.12856589257717133,
    0.12184608727693558,
    0.12158836424350739,
    0.11642429977655411,
    0.1150587871670723,
    0.1139332577586174,
    0.11024771630764008,
    0.11118368804454803,
    0.11288992315530777,
    0.112621009349823,
    0.11129309982061386,
    0.10934483259916306,
    0.1163470596075058,
    0.11407464742660522,
    0.10786360502243042,
    0.10875294357538223,
    0.11144362390041351
  ],
  "binary_accuracy": [
    0.523809552192688,
    0.7559523582458496,
    0.8613945841789246,
    0.8741496801376343,
    0.9022108912467957,
    0.9064626097679138,
    0.9166666865348816,
    0.9226190447807312,
    0.9234693646430969,
    0.9260203838348389,
    0.9268707633018494,
    0.9285714030265808,
    0.9260203838348389,
    0.9260203838348389,
    0.9251700639724731,
    0.9268707633018494,
    0.9268707633018494,
    0.9251700639724731,
    0.9243197441101074,
    0.9226190447807312,
    0.9251700639724731,
    0.9217687249183655,
    0.9226190447807312,
    0.9243197441101074,
    0.9243197441101074,
    0.9226190447807312
  ],
  "auc": [
    0.5347931385040283,
    0.5522795915603638,
    0.6479973196983337,
    0.6183662414550781,
    0.568305253982544,
    0.6670808792114258,
    0.6099718809127808,
    0.6358526945114136,
    0.7035146951675415,
    0.701279878616333,
    0.7289377450942993,
    0.7221077084541321,
    0.7683586478233337,
    0.7763551473617554,
    0.7819477319717407,
    0.8059534430503845,
    0.796027421951294,
    0.7936725616455078,
    0.7925933003425598,
    0.8021268844604492,
    0.8105595111846924,
    0.7726756930351257,
    0.7884179353713989,
    0.8211777806282043,
    0.8202456831932068,
    0.8051194548606873
  ],
  "precision": [
    0.0839160829782486,
    0.08906882256269455,
    0.1504424810409546,
    0.12790697813034058,
    0.15555556118488312,
    0.09375,
    0.15000000596046448,
    0.1818181872367859,
    0.125,
    0.20000000298023224,
    0.0,
    0.0,
    0.20000000298023224,
    0.2857142984867096,
    0.1666666716337204,
    0.25,
    0.3333333432674408,
    0.1666666716337204,
    0.1428571492433548,
    0.0,
    0.25,
    0.0,
    0.1818181872367859,
    0.1428571492433548,
    0.2222222238779068,
    0.1818181872367859
  ],
  "recall": [
    0.5714285969734192,
    0.261904776096344,
    0.2023809552192688,
    0.130952388048172,
    0.0833333358168602,
    0.0357142873108387,
    0.0357142873108387,
    0.02380952425301075,
    0.011904762126505375,
    0.011904762126505375,
    0.0,
    0.0,
    0.011904762126505375,
    0.02380952425301075,
    0.011904762126505375,
    0.011904762126505375,
    0.02380952425301075,
    0.011904762126505375,
    0.011904762126505375,
    0.0,
    0.02380952425301075,
    0.0,
    0.02380952425301075,
    0.011904762126505375,
    0.02380952425301075,
    0.02380952425301075
  ],
  "val_loss": [
    0.690733790397644,
    0.6816399693489075,
    0.6648983955383301,
    0.6395832300186157,
    0.6048517227172852,
    0.5619447827339172,
    0.5120381116867065,
    0.46087223291397095,
    0.41429585218429565,
    0.37314271926879883,
    0.34021908044815063,
    0.3141744136810303,
    0.29631006717681885,
    0.2807430028915405,
    0.2673873007297516,
    0.26007863879203796,
    0.2551780045032501,
    0.25091663002967834,
    0.2460748553276062,
    0.24237553775310516,
    0.2398126870393753,
    0.23783519864082336,
    0.23683197796344757,
    0.23606544733047485,
    0.23499077558517456,
    0.23479673266410828
  ],
  "val_binary_accuracy": [
    0.738095223903656,
    0.8809523582458496,
    0.9285714030265808,
    0.9285714030265808,
    0.9285714030265808,
    0.9285714030265808,
    0.9285714030265808,
    0.9285714030265808,
    0.9285714030265808,
    0.9285714030265808,
    0.9285714030265808,
    0.9285714030265808,
    0.9285714030265808,
    0.9285714030265808,
    0.9285714030265808,
    0.9285714030265808,
    0.9285714030265808,
    0.9285714030265808,
    0.9285714030265808,
    0.9285714030265808,
    0.9285714030265808,
    0.9285714030265808,
    0.9285714030265808,
    0.9285714030265808,
    0.9285714030265808,
    0.9285714030265808
  ],
  "val_auc": [
    0.43589746952056885,
    0.5,
    0.5769230127334595,
    0.5769230723381042,
    0.6538461446762085,
    0.6474359035491943,
    0.7307692766189575,
    0.7307692766189575,
    0.8012820482254028,
    0.807692289352417,
    0.807692289352417,
    0.807692289352417,
    0.8062677979469299,
    0.807692289352417,
    0.807692289352417,
    0.8076923489570618,
    0.807692289352417,
    0.8076923489570618,
    0.807692289352417,
    0.807692289352417,
    0.807692289352417,
    0.807692289352417,
    0.807692289352417,
    0.807692289352417,
    0.8066239356994629,
    0.803418755531311
  ],
  "val_precision": [
    0.0555555559694767,
    0.1666666716337204,
    0.0,
    0.0,
    0.0,
    0.0,
    0.0,
    0.0,
    0.0,
    0.0,
    0.0,
    0.0,
    0.0,
    0.0,
    0.0,
    0.0,
    0.0,
    0.0,
    0.0,
    0.0,
    0.0,
    0.0,
    0.0,
    0.0,
    0.0,
    0.0
  ],
  "val_recall": [
    0.1666666716337204,
    0.1666666716337204,
    0.0,
    0.0,
    0.0,
    0.0,
    0.0,
    0.0,
    0.0,
    0.0,
    0.0,
    0.0,
    0.0,
    0.0,
    0.0,
    0.0,
    0.0,
    0.0,
    0.0,
    0.0,
    0.0,
    0.0,
    0.0,
    0.0,
    0.0,
    0.0
  ],
  "lr": [
    9.999999747378752e-05,
    9.999999747378752e-05,
    9.999999747378752e-05,
    9.999999747378752e-05,
    9.999999747378752e-05,
    9.999999747378752e-05,
    9.999999747378752e-05,
    9.999999747378752e-05,
    9.999999747378752e-05,
    9.999999747378752e-05,
    9.999999747378752e-05,
    9.999999747378752e-05,
    9.999999747378752e-05,
    9.999999747378752e-05,
    9.999999747378752e-05,
    4.999999873689376e-05,
    4.999999873689376e-05,
    4.999999873689376e-05,
    4.999999873689376e-05,
    4.999999873689376e-05,
    2.499999936844688e-05,
    2.499999936844688e-05,
    2.499999936844688e-05,
    2.499999936844688e-05,
    2.499999936844688e-05,
    1.249999968422344e-05
  ]
}